Workbook

Sheet Campañas
A1: PLAN DE CAMPAÑAS DE MARKETING 2027 — DÖNER STREET (11 CAMPAÑAS)
A3: Área | B3: Campaña | C3: Fecha inicio | D3: Duración (días) | E3: Fecha fin | F3: Inicio 2º periodo | G3: Duración 2º periodo (días) | H3: Fin 2º periodo | I3: Costo total 2027 (COP) | J3: ROI 2027 | K3: Descripción
A4: LANZAMIENTO | B4: Prensa y Redes (Teaser + PR + Promo apertura) | C4: 46391 | D4: 21 | E4: =C4+D4 | I4: 4800000 | J4: 1.25 | K4: Teaser en IG/TikTok, comunicado a blogs de Bogotá y semana de apertura con gaseosa gratis en combo.
A5: LANZAMIENTO | B5: Volantes, degustaciones y garantía de satisfacción | C5: 46405 | D5: 14 | E5: =C5+D5 | I5: 2000000 | J5: 3.1125 | K5: Volantes y degustaciones en oficinas y universidades; aviso de la garantía de satisfacción.
A6: PUBLICIDAD DIGITAL | B6: Contenido orgánico IG/TikTok/Facebook | C6: 46391 | D6: =$C$18-C6 | E6: =C6+D6 | I6: 4600000 | J6: 0.623 | K6: Publica solo martes y viernes (104 días/año), no a diario: videos de producto, detrás del mostrador y combos.
A7: PUBLICIDAD DIGITAL | B7: Google Business Profile (SEO local) | C7: 46391 | D7: =$C$18-C7 | E7: =C7+D7 | I7: 1200000 | J7: 5.4 | K7: Fotos, horarios, menú y solicitud de reseñas todo el año.
A8: PUBLICIDAD DIGITAL | B8: Meta Ads pagado (geo-segmentado) | C8: 46405 | D8: =$C$18-C8 | E8: =C8+D8 | I8: 24000000 | J8: 3.2667 | K8: Anuncios pagados en un radio alrededor de la tienda.
A9: PUBLICIDAD DIGITAL | B9: QR en empaques/recibos + referidos | C9: 46433 | D9: =$C$18-C9 | E9: =C9+D9 | I9: 8000000 | J9: 4.2727 | K9: QR en empaques y recibos: síguenos + 10% en la próxima compra.
A10: DELIVERY Y FIDELIZACIÓN | B10: Almuerzos corporativos (pedidos por WhatsApp) | C10: 46461 | D10: =$C$18-C10 | E10: =C10+D10 | I10: 4000000 | J10: 3.389 | K10: Pedidos al por mayor para oficinas cercanas por WhatsApp.
A11: DELIVERY Y FIDELIZACIÓN | B11: Refiere y gana (papas gratis) | C11: 46489 | D11: 84 | E11: =C11+D11 | I11: 2000000 | J11: 3.33125 | K11: Referido y cliente reciben papas gratis en su siguiente pedido.
A12: FECHAS ESPECIALES | B12: San Valentín (Comparte un Döner) | C12: 46426 | D12: 7 | E12: =C12+D12 | I12: 4300000 | J12: 1.6744 | K12: 14 feb: 2 combos con 20% de descuento.
A13: FECHAS ESPECIALES | B13: Navidad y fin de año (Party Pack) | C13: 46734 | D13: 14 | E13: =C13+D13 | I13: 5300000 | J13: 3.2925 | K13: Party Pack para reuniones de oficina y familia.
A14: COMUNIDAD Y ALIANZAS | B14: Semana de bienvenida universitaria | C14: 46419 | D14: 7 | E14: =C14+D14 | F14: 46601 | G14: 7 | H14: =F14+G14 | I14: 2000000 | J14: 2.3 | K14: Stand en campus con muestras gratis al inicio de cada semestre.
A15: TOTAL | B15: =COUNTA(B4:B14)&" campañas" | I15: =SUM(I4:I14)
C17: 46391
C18: 46752

Sheet Diagrama de Gantt
A1: Área | B1: Campaña | C1: Inicio | D1: Fin | E1: Inicio 2 | F1: Fin 2 | G1: Enero | K1: Febrero | O1: Marzo | T1: Abril | X1: Mayo | AC1: Junio | AG1: Julio | AK1: Agosto | AP1: Septiembre | AT1: Octubre | AX1: Noviembre | BC1: Diciembre
G2: 46391 | H2: 46398 | I2: 46405 | J2: 46412 | K2: 46419 | L2: 46426 | M2: 46433 | N2: 46440 | O2: 46447 | P2: 46454 | Q2: 46461 | R2: 46468 | S2: 46475 | T2: 46482 | U2: 46489 | V2: 46496 | W2: 46503 | X2: 46510 | Y2: 46517 | Z2: 46524 | AA2: 46531 | AB2: 46538 | AC2: 46545 | AD2: 46552 | AE2: 46559 | AF2: 46566 | AG2: 46573 | AH2: 46580 | AI2: 46587 | AJ2: 46594 | AK2: 46601 | AL2: 46608 | AM2: 46615 | AN2: 46622 | AO2: 46629 | AP2: 46636 | AQ2: 46643 | AR2: 46650 | AS2: 46657 | AT2: 46664 | AU2: 46671 | AV2: 46678 | AW2: 46685 | AX2: 46692 | AY2: 46699 | AZ2: 46706 | BA2: 46713 | BB2: 46720 | BC2: 46727 | BD2: 46734 | BE2: 46741 | BF2: 46748
A3: Temporada de cada semana (editable) | G3: Baja | H3: Baja | I3: Baja | J3: Baja | K3: Alta | L3: Alta | M3: Alta | N3: Alta | O3: Alta | P3: Alta | Q3: Alta | R3: Muerta | S3: Alta | T3: Alta | U3: Alta | V3: Alta | W3: Alta | X3: Alta | Y3: Alta | Z3: Alta | AA3: Alta | AB3: Alta | AC3: Baja | AD3: Baja | AE3: Baja | AF3: Muerta | AG3: Muerta | AH3: Baja | AI3: Baja | AJ3: Baja | AK3: Alta | AL3: Alta | AM3: Alta | AN3: Alta | AO3: Alta | AP3: Alta | AQ3: Alta | AR3: Alta | AS3: Alta | AT3: Alta | AU3: Alta | AV3: Alta | AW3: Alta | AX3: Alta | AY3: Alta | AZ3: Alta | BA3: Alta | BB3: Baja | BC3: Baja | BD3: Baja | BE3: Muerta | BF3: Muerta
A4: LANZAMIENTO
B5: =Campañas!B4 | C5: =Campañas!C4 | D5: =Campañas!E4 | E5: =IF(Campañas!F4="","",Campañas!F4) | F5: =IF(Campañas!H4="","",Campañas!H4)
B6: =Campañas!B5 | C6: =Campañas!C5 | D6: =Campañas!E5 | E6: =IF(Campañas!F5="","",Campañas!F5) | F6: =IF(Campañas!H5="","",Campañas!H5)
A7: PUBLICIDAD DIGITAL
B8: =Campañas!B6 | C8: =Campañas!C6 | D8: =Campañas!E6 | E8: =IF(Campañas!F6="","",Campañas!F6) | F8: =IF(Campañas!H6="","",Campañas!H6)
B9: =Campañas!B7 | C9: =Campañas!C7 | D9: =Campañas!E7 | E9: =IF(Campañas!F7="","",Campañas!F7) | F9: =IF(Campañas!H7="","",Campañas!H7)
B10: =Campañas!B8 | C10: =Campañas!C8 | D10: =Campañas!E8 | E10: =IF(Campañas!F8="","",Campañas!F8) | F10: =IF(Campañas!H8="","",Campañas!H8)
B11: =Campañas!B9 | C11: =Campañas!C9 | D11: =Campañas!E9 | E11: =IF(Campañas!F9="","",Campañas!F9) | F11: =IF(Campañas!H9="","",Campañas!H9)
A12: DELIVERY Y FIDELIZACIÓN
B13: =Campañas!B10 | C13: =Campañas!C10 | D13: =Campañas!E10 | E13: =IF(Campañas!F10="","",Campañas!F10) | F13: =IF(Campañas!H10="","",Campañas!H10)
B14: =Campañas!B11 | C14: =Campañas!C11 | D14: =Campañas!E11 | E14: =IF(Campañas!F11="","",Campañas!F11) | F14: =IF(Campañas!H11="","",Campañas!H11)
A15: FECHAS ESPECIALES
B16: =Campañas!B12 | C16: =Campañas!C12 | D16: =Campañas!E12 | E16: =IF(Campañas!F12="","",Campañas!F12) | F16: =IF(Campañas!H12="","",Campañas!H12)
B17: =Campañas!B13 | C17: =Campañas!C13 | D17: =Campañas!E13 | E17: =IF(Campañas!F13="","",Campañas!F13) | F17: =IF(Campañas!H13="","",Campañas!H13)
A18: COMUNIDAD Y ALIANZAS
B19: =Campañas!B14 | C19: =Campañas!C14 | D19: =Campañas!E14 | E19: =IF(Campañas!F14="","",Campañas!F14) | F19: =IF(Campañas!H14="","",Campañas!H14)
G21: =SUMPRODUCT(($B$5:$B$19<>"")*(((G$2<$D$5:$D$19)*(G$2+7>$C$5:$C$19))+(($E$5:$E$19<>"")*(G$2<N(+$F$5:$F$19))*(G$2+7>N(+$E$5:$E$19)))>0)) | H21: =SUMPRODUCT(($B$5:$B$19<>"")*(((H$2<$D$5:$D$19)*(H$2+7>$C$5:$C$19))+(($E$5:$E$19<>"")*(H$2<N(+$F$5:$F$19))*(H$2+7>N(+$E$5:$E$19)))>0)) | I21: =SUMPRODUCT(($B$5:$B$19<>"")*(((I$2<$D$5:$D$19)*(I$2+7>$C$5:$C$19))+(($E$5:$E$19<>"")*(I$2<N(+$F$5:$F$19))*(I$2+7>N(+$E$5:$E$19)))>0)) | J21: =SUMPRODUCT(($B$5:$B$19<>"")*(((J$2<$D$5:$D$19)*(J$2+7>$C$5:$C$19))+(($E$5:$E$19<>"")*(J$2<N(+$F$5:$F$19))*(J$2+7>N(+$E$5:$E$19)))>0)) | K21: =SUMPRODUCT(($B$5:$B$19<>"")*(((K$2<$D$5:$D$19)*(K$2+7>$C$5:$C$19))+(($E$5:$E$19<>"")*(K$2<N(+$F$5:$F$19))*(K$2+7>N(+$E$5:$E$19)))>0)) | L21: =SUMPRODUCT(($B$5:$B$19<>"")*(((L$2<$D$5:$D$19)*(L$2+7>$C$5:$C$19))+(($E$5:$E$19<>"")*(L$2<N(+$F$5:$F$19))*(L$2+7>N(+$E$5:$E$19)))>0)) | M21: =SUMPRODUCT(($B$5:$B$19<>"")*(((M$2<$D$5:$D$19)*(M$2+7>$C$5:$C$19))+(($E$5:$E$19<>"")*(M$2<N(+$F$5:$F$19))*(M$2+7>N(+$E$5:$E$19)))>0)) | N21: =SUMPRODUCT(($B$5:$B$19<>"")*(((N$2<$D$5:$D$19)*(N$2+7>$C$5:$C$19))+(($E$5:$E$19<>"")*(N$2<N(+$F$5:$F$19))*(N$2+7>N(+$E$5:$E$19)))>0)) | ... BF21: =SUMPRODUCT(($B$5:$B$19<>"")*(((BF$2<$D$5:$D$19)*(BF$2+7>$C$5:$C$19))+(($E$5:$E$19<>"")*(BF$2<N(+$F$5:$F$19))*(BF$2+7>N(+$E$5:$E$19)))>0))
A24: Leyenda
B25: Temporada alta (34 semanas) — campaña activa
B26: Temporada baja (13 semanas) — campaña activa
B27: Temporada muerta (5 semanas) — campaña activa
